Account,Balance
C-0001, 1026.133333
C-0002, 49229.270833
C-0003, 5.004167
C-0004,-594.008333
C-0005, 480.400000
C-0006, 2356.900000
C-0007, 54.045000
C-0008,-504.758333
C-0009, 592.493333
C-0010, 9119.841667
C-0011, 392.326667
C-0012,-89.250000
C-0013, 9973.383333
C-0014, 5926.591667
C-0015, 5926.591667
C-0016, 694.578333
C-0017, 49.040833
C-0018,-54.541667
C-0019, 0.000000
C-0020, 4.003333
